file,artist,artist_website
Assets/Images/Abu_Ali_Al-Hassan.jpg,Aboy Singh,https://aboy.artstation.com/
Assets/Images/Acheus_City.jpg,Cristian Chihaia,https://www.artstation.com/sickbrush
Assets/Images/Acheus_Invasion.jpg,Keanwai,https://www.deviantart.com/keanwai
Assets/Images/Akhetaston_City.jpg,Ubisoft,https://www.ubisoft.com/
Assets/Images/Alastriona_The_Growth.jpg,Jelena Pjevic,https://www.artstation.com/jelenapjevic
Assets/Images/Alzaman.jpg,Kuside Sangu,https://www.artstation.com/kuside_sangu
Assets/Images/Anarabet.jpg,MagicnaAnavi,https://www.deviantart.com/magicnaanavi
Assets/Images/Areta.jpg,draw joao,https://www.artstation.com/draw_joao
Assets/Images/Arno_Eklund.jpg,Michael Komarck,http://www.komarckart.com/
Assets/Images/Ashlands.jpg,WojtekFus,https://www.deviantart.com/wojtekfus
Assets/Images/Ast_God.jpg,TheFearMaster,https://www.deviantart.com/thefearmaster
Assets/Images/Astiag_II.jpg,Hetian Wang,https://www.artstation.com/hetian
Assets/Images/Atafet_City.jpg,Encho Enchev,https://www.behance.net/Enchev
Assets/Images/Avatar_f.jpg,Perfect World Games,http://sgcq.wanmei.com/
Assets/Images/Avatar_m.jpg,Infinite Worlds,https://lennis.tumblr.com/
Assets/Images/Avenger_f.jpg,Legend Of The Cryptids,https://legendofthecryptids.fandom.com/wiki/Shadowslicer_Riki
Assets/Images/Avenger_m.jpg,Mikel Labat,https://ca.linkedin.com/mickael-labat-2a588b1
Assets/Images/Bithorn_Foothills.jpg,Matt Anderson,https://www.mattandersonphotography.com/
Assets/Images/Bodivir_Bomain.jpg,Kate Voynova,https://www.deviantart.com/katevoynova
Assets/Images/Cassia.jpg,Julia Kovalyova,https://www.artstation.com/rinmaho
Assets/Images/Cerunna.jpg,Russell Dongjun Lu,https://www.artstation.com/ludongjun
Assets/Images/Chthon_Island.jpg,AlynSpiller,https://www.deviantart.com/alynspiller
Assets/Images/Chthonid_Fall.jpg,Gaius31duke,https://www.deviantart.com/gaius31duke
Assets/Images/Chthonotema.jpg,1Enary1,https://www.deviantart.com/1enary1
Assets/Images/Chthtonid.jpg,James Ryman,https://www.deviantart.com/jamesryman
Assets/Images/dair_grasslands.jpg,Jon Sullivan,http://pdphoto.org/
Assets/Images/Dar_Maraat_Temple.jpg,Yefumm,https://www.deviantart.com/yefumm
Assets/Images/De'laim.jpg,Danelli Armouries,http://www.danelliarmouries.com/index.php
Assets/Images/Diomed_Achaean.jpg,Ubisoft,https://www.ubisoft.com/
Assets/Images/Dju-Suo.jpg,Yujiang J,https://www.artstation.com/yjriv
Assets/Images/Dragon_Temple.jpg,Shusei Sasaya,https://www.artstation.com/shujp
Assets/Images/Druid_f.jpg,Ivona Denovic,https://www.artstation.com/ivonadenovic
Assets/Images/Druid_m.jpg,Dleoblack,https://dleoblack.tumblr.com/
Assets/Images/Druidism.jpg,Raphael Lacoste,https://www.artstation.com/raphael-lacoste
Assets/Images/Edge_of_Darkness_Mountains.jpg,Fabrizio Fortuna,https://www.flickr.com/people/fabrizio_fortuna/
Assets/Images/Eldanas.jpg,Paulina Sajniak,https://paulinasajniak.artstation.com/
Assets/Images/Eleanor_mac-Thorn.jpg,Chris Cole,https://www.chriscoleart.com/
Assets/Images/Elessia.jpg,Marsel Zara,https://www.pexels.com/@marsel-zara-412656
Assets/Images/Ervin_City.jpg,Ashok Dass,https://ashokconcept.artstation.com/
Assets/Images/Eurydice.jpg,Baphomet-2021,https://www.deviantart.com/baphomet-2021
Assets/Images/Faith_Crysis_Amon-Astat.jpg,Ubisoft,https://www.ubisoft.com/
Assets/Images/Fibas.jpg,Ubisoft,https://www.ubisoft.com
Assets/Images/Goidair.jpg,McLure,https://www.deviantart.com/mclure
Assets/Images/Hangorian_Valley.jpg,Trabantos,https://www.shutterstock.com/g/pavel+dudek
Assets/Images/Hapi_River.jpg,Malte Blom Madsen,https://www.behance.net/MalteBlom
Assets/Images/Harmony_Valley.jpg,Rashieq Sasman,https://www.artstation.com/rashieq_sasman
Assets/Images/Harpy.jpg,VOLMI - A Virtuos Studio,https://volmi.artstation.com/
Assets/Images/Hefat.jpg,Martin Deschambault,https://dechambo.artstation.com/
Assets/Images/Hiesus_City.jpg,Andrew Bosley,https://www.artstation.com/andybosley
Assets/Images/Highlander_f.jpg,Lulumingchao,https://www.deviantart.com/lulumingchao
Assets/Images/Ikaterra.jpg,Kevin Sidharta,https://kevin_sidharta.artstation.com/
Assets/Images/Indulf_mac_Thorn.jpg,Victor Costa,https://www.artstation.com/exordine
Assets/Images/Iomar.jpg,Thom Tenery,https://www.artstation.com/thomtenery
Assets/Images/Isgeluat_River.jpg,David B. Soete,https://upperdelawarecouncil.org/
Assets/Images/Ishnalaar_Temple.jpg,Raphael Lacoste,https://www.artstation.com/raphael-lacoste
Assets/Images/Kad-Kharad_Disbandment.jpg,Herve Groussin,https://nuro.artstation.com/
Assets/Images/Kafat_City.jpg,Djahal,https://www.deviantart.com/djahal
Assets/Images/Kafer_Lake.jpg,Aysa,https://nat-geo.ru/community/user/47208/
Assets/Images/Kenneth_mac_Rain.jpg,Captivated2,https://www.deviantart.com/captivated2
Assets/Images/Kharim_Lake.jpg,A. Duro/ESO,https://www.eso.org/
Assets/Images/Lang-An_Empire.jpg,Shusei Sasaya,https://www.artstation.com/shujp
Assets/Images/Lightbringer_f.jpg,Annie Wong,https://www.artstation.com/anniewong
Assets/Images/Lightbringer_m.jpg,yy6242,https://www.deviantart.com/yy6242
Assets/Images/Lisandra Macrayne.jpg,Magali Villeneuve,http://www.magali-villeneuve.com/
Assets/Images/Ludair.jpg,Daedra,https://www.facebook.com/Katarzyna.Daedra
Assets/Images/Lunaar.jpg,Joyce Leonard,https://fineartamerica.com/profiles/joyce-leonard
Assets/Images/Maenad.jpg,Atomhawk,https://creativepool.com/atomhawk
Assets/Images/Makaba_River.jpg,Dandalion Max,https://www.artstation.com/retromax
Assets/Images/Malik_Al-Aswar.jpg,Ashish Nade,https://www.artstation.com/ashishnade
Assets/Images/Marenaar_Coast.jpg,Polarapfel,https://www.flickr.com/photos/polarapfel/
Assets/Images/Mei-Wu.jpg,Rene Gross,https://www.artstation.com/roieco
Assets/Images/Mercate.jpg,Anna Helme,an-helme.artstation.com
Assets/Images/Mercate_Temple.jpg,Weston T Jones,https://www.artstation.com/westontjones
Assets/Images/Merkate_Cult.jpg,KejaBlank,https://www.deviantart.com/kejablank
Assets/Images/Mistras_City.jpg,Tristan Faure,https://www.artstation.com/fauretristan
Assets/Images/Mitra_Lake.jpg,Yuri Makarov,http://fotokto.ru/id7911
Assets/Images/Muir_City.jpg,Masashi Kageyama,https://www.artstation.com/masashikageyama
Assets/Images/Myra_City.jpg,Scott Richard,https://www.deviantart.com/rich35211
Assets/Images/Myst_Island.jpg,Rudi Imbrechts,https://www.flickr.com/photos/kartix/
Assets/Images/Nadair.jpg,Bob Kehl,https://www.behance.net/BobKehl/projects
Assets/Images/Natshepsut.jpg,Ubisoft,https://www.ubisoft.com/
Assets/Images/navarch_male.jpg,Edikt Art,https://www.artstation.com/ediktart
Assets/Images/Oracle_f.jpg,Thedurrrrian,https://thedurrrrian.tumblr.com/
Assets/Images/Oracle_m.jpg,Wesley Tippetts,https://westippetts.artstation.com/
Assets/Images/Orion_City.jpg,Hamaterasu25,https://www.deviantart.com/hamaterasu25
Assets/Images/Path_of_Forgotten_Pass.jpg,Piotr Dura,https://www.artstation.com/threedee
Assets/Images/Persephone.jpg,eosAndy,https://eosandy.com/
Assets/Images/Power_Crystal.jpg,Galder,https://www.deviantart.com/galder
Assets/Images/Qadians.jpg,Brett Nuckles,https://www.brettnucklesart.com/
Assets/Images/Qadir.jpg,Bethesda,https://bethesda.net/
Assets/Images/Qsen-Ast.jpg,Martin Bonev,https://www.artstation.com/martinbonev
Assets/Images/Ramat-Hat-Su.jpg,Zhong Yang,https://www.artstation.com/omo0709
Assets/Images/Ramhotep_II.jpg,Wenmo Zhang,https://www.artstation.com/zhangwenmo123
Assets/Images/Rhea_Melit.jpg,Kerem Beyit,https://www.artstation.com/kerembeyit
Assets/Images/Robert_Bomain.jpg,Wooseok Kim,https://www.artstation.com/id9887
Assets/Images/Rufu.jpg,Yefim Kligerman,https://www.artstation.com/yefim_kligerman
Assets/Images/Runstoirm.jpg,Gaétan Weltzer,https://spartan.artstation.com/
Assets/Images/Ruwamba_Mati.jpg,Erabbix,https://displate.com/erabbix
Assets/Images/Sa-Tar_Hammer.jpg,EpicArmoury,https://www.epicarmoury.com/
Assets/Images/Samaan_City.jpg,Ubisoft,https://www.ubisoft.com
Assets/Images/Satis_River.jpg,Patrick Poendl,https://www.istockphoto.com/ru/portfolio/PatrickPoendl
Assets/Images/Seraph_City.jpg,Ubisoft,https://www.ubisoft.com/
Assets/Images/Shadow_f.jpg,JuYoung Ha,https://un_1028.artstation.com/
Assets/Images/Shadow_m.jpg,AKQA,https://www.akqa.com/
Assets/Images/Shang_Feng_Mountains.jpg,Daniel Prudek,https://www.shutterstock.com/ru/g/prudek
Assets/Images/Shani.jpg,Max Zhung,https://www.deviantart.com/toy1989820
Assets/Images/Silvian_Lake.jpg,Michael Iovino,https://8michaelblog.wordpress.com/
Assets/Images/Siwa.jpg,Martin Bonev,https://www.artstation.com/martinbonev
Assets/Images/Solais_City.jpg,Lukasz Wiktorzak,https://wiktorzak.com.pl/
Assets/Images/Sun_Lianshi.jpg,7thorange,https://www.zcool.com.cn/u/256971
Assets/Images/Sunrise_Sea.jpg,Max Pixel,https://www.maxpixels.net/
Assets/Images/Sunset_Sea.jpg,Gabriel Tichy,http://www.gabrieltichy.com/
Assets/Images/Thanatomachia.jpg,Billelis,https://www.behance.net/billelis
Assets/Images/Theonia_Village.jpg,Mohd Fazlan Abdul Jamil,https://www.artstation.com/mofaz
Assets/Images/Thunder_Clans.jpg,20th Century Fox,https://www.foxmovies.com/
Assets/Images/Tiresias.jpg,Hall Hsu,https://www.artstation.com/hall
Assets/Images/Tiza_City.jpg,Flaviobolla,https://www.deviantart.com/flaviobolla
Assets/Images/Tuanuku_Peninsula.jpg,Andrew Shoemaker,https://www.andrewshoemaker.com/
Assets/Images/Uaset_City.jpg,Gilles Beloeil,https://www.artstation.com/gillesbeloeil
Assets/Images/Umar_Ibn_La-Ahad.jpg,Minsu Kim,https://www.artstation.com/minsukim
Assets/Images/Vermin.jpg,Clark Ocleasa,https://www.artstation.com/clarkocleasa
Assets/Images/war_of_the_thirsty.jpg,Felix Ortiz,https://www.artstation.com/felixortiz
Assets/Images/Whitefield_Plains.jpg,Patrick J Endres,https://www.alaskaphotographics.com/
